insert into equipes(code, nom, nationalite,directeur) values('A2R','AG2R PRÉVOYANCE','FRA','Vincent LAVENU');
insert into equipes(code, nom, nationalite,directeur) values('ALB','ALESSIO-BIANCHI','ITA','Bruno CENGHIALTA');
insert into equipes(code, nom, nationalite,directeur) values('BLB','BRIOCHES LA BOULANGÈRE','FRA','Jean-René BERNAUDEAU');
insert into equipes(code, nom, nationalite,directeur) values('COF','COFIDIS - LE CRÉDIT PAR TÉLÉPHONE','FRA','Francis VAN LONDERSELE');
insert into equipes(code, nom, nationalite,directeur) values('C.A','CRÉDIT AGRICOLE','FRA','Roger LEGEAY');
insert into equipes(code, nom, nationalite,directeur) values('DVE','DOMINA VACANZE','ITA','Vincenzino SANTONI');
insert into equipes(code, nom, nationalite,directeur) values('EUS','EUSKALTEL - EUSKADI','ESP','Julian GOROSPE');
insert into equipes(code, nom, nationalite,directeur) values('FAS','FASSA BORTOLO','ITA','Giancarlo FERRETTI');
insert into equipes(code, nom, nationalite,directeur) values('FDJ','FDJEUX.COM','FRA','Marc MADIOT');
insert into equipes(code, nom, nationalite,directeur) values('GST','GEROLSTEINER','GER','Hans-Michael HOLCZER');
insert into equipes(code, nom, nationalite,directeur) values('IBB','ILLES BALEARS - B. SANTANDER','ESP','José Miguel ECHAVARRI');
insert into equipes(code, nom, nationalite,directeur) values('LST','LIBERTY SEGUROS','ESP','Manolo SAIZ');
insert into equipes(code, nom, nationalite,directeur) values('LOT','LOTTO-DOMO','BEL','Marc SERGEANT');
insert into equipes(code, nom, nationalite,directeur) values('PHO','PHONAK HEARING SYSTEMS','SUI','Urs FREULER');
insert into equipes(code, nom, nationalite,directeur) values('QSD','QUICK STEP-DAVITAMON','BEL','Patrick LEFÉVÈRE');
insert into equipes(code, nom, nationalite,directeur) values('RAB','RABOBANK','NED','Théo DE ROOIJ');
insert into equipes(code, nom, nationalite,directeur) values('RAG','R.A.G.T. SEMENCES - MG ROVER','FRA','Jean-Luc JONROND');
insert into equipes(code, nom, nationalite,directeur) values('SAE','SAECO','ITA','Claudio CORTI');
insert into equipes(code, nom, nationalite,directeur) values('CSC','TEAM CSC','DEN','Bjarne RIIS');
insert into equipes(code, nom, nationalite,directeur) values('TMO','T-MOBILE TEAM','GER','Walter GODEFROOT');
insert into equipes(code, nom, nationalite,directeur) values('USP','US POSTAL - BERRY FLOOR','USA','Johan BRUYNEEL');
insert into equipes(code, nom, nationalite,directeur) values('ENI','ENI Editions','FRA','jean Franklin');

select * from equipes;


insert into coureurs(  nom, prenom, nationalite, equipe) values('ARMSTRONG','Lance','USA','USP');
insert into coureurs(  nom, prenom, nationalite, equipe) values('AZEVEDO','José','POR','USP');
insert into coureurs(  nom, prenom, nationalite, equipe) values('BELTRAN','Manuel','ESP','USP');
insert into coureurs(  nom, prenom, nationalite, equipe) values('EKIMOV','Viatceslav','RUS','USP');
insert into coureurs(  nom, prenom, nationalite, equipe) values('HINCAPIE','George','USA','USP');
insert into coureurs(  nom, prenom, nationalite, equipe) values('LANDIS','Floyd','USA','USP');
insert into coureurs(  nom, prenom, nationalite, equipe) values('NOVAL GONZALEZ','Benjamin','ESP','USP');
insert into coureurs(  nom, prenom, nationalite, equipe) values('PADRNOS','Pavel','CZE','USP');
insert into coureurs(  nom, prenom, nationalite, equipe) values('RUBIERA','José Luis','ESP','USP');

insert into coureurs(  nom, prenom, nationalite, equipe) values('ULLRICH','Jan','GER','TMO');
insert into coureurs(  nom, prenom, nationalite, equipe) values('ALDAG','Rolf','GER','TMO');
insert into coureurs(  nom, prenom, nationalite, equipe) values('BOTERO','Santiago','COL','TMO');
insert into coureurs(  nom, prenom, nationalite, equipe) values('GUERINI','Giuseppe','ITA','TMO');
insert into coureurs(  nom, prenom, nationalite, equipe) values('IVANOV','Serguei','RUS','TMO');
insert into coureurs(  nom, prenom, nationalite, equipe) values('KESSLER','Matthias','GER','TMO');
insert into coureurs(  nom, prenom, nationalite, equipe) values('KLÖDEN','Andréas','GER','TMO');
insert into coureurs(  nom, prenom, nationalite, equipe) values('NARDELLO','Daniele','ITA','TMO');
insert into coureurs(  nom, prenom, nationalite, equipe) values('ZABEL','Erik','GER','TMO');

insert into coureurs(  nom, prenom, nationalite, equipe) values('HAMILTON','Tyler','USA','PHO');
insert into coureurs(  nom, prenom, nationalite, equipe) values('ELMIGER','Martin','SUI','PHO');
insert into coureurs(  nom, prenom, nationalite, equipe) values('GONZALEZ','Santos','ESP','PHO');
insert into coureurs(  nom, prenom, nationalite, equipe) values('GRABSCH','Bert','GER','PHO');
insert into coureurs(  nom, prenom, nationalite, equipe) values('GUTIERREZ','José Enrique','ESP','PHO');
insert into coureurs(  nom, prenom, nationalite, equipe) values('JALABERT','Nicolas','FRA','PHO');
insert into coureurs(  nom, prenom, nationalite, equipe) values('PEREIRO SIO','Oscar','ESP','PHO');
insert into coureurs(  nom, prenom, nationalite, equipe) values('PEREZ','Santiago','ESP','PHO');
insert into coureurs(  nom, prenom, nationalite, equipe) values('SEVILLA','Oscar','ESP','PHO');

insert into coureurs(  nom, prenom, nationalite, equipe) values('MAYO','Iban','ESP','EUS');
insert into coureurs(  nom, prenom, nationalite, equipe) values('CAMANO','Iker','ESP','EUS');
insert into coureurs(  nom, prenom, nationalite, equipe) values('ETXEBARRIA','David','ESP','EUS');
insert into coureurs(  nom, prenom, nationalite, equipe) values('ETXEBARRIA','Unai','VEN','EUS');
insert into coureurs(  nom, prenom, nationalite, equipe) values('FLORES','Iker','ESP','EUS');
insert into coureurs(  nom, prenom, nationalite, equipe) values('LANDALUZE','Inigo','ESP','EUS');
insert into coureurs(  nom, prenom, nationalite, equipe) values('MARTINEZ','Egoi','ESP','EUS');
insert into coureurs(  nom, prenom, nationalite, equipe) values('ZUBELDIA','Haimar','ESP','EUS');
insert into coureurs(  nom, prenom, nationalite, equipe) values('PETACCHI','Alessandro','ITA','FAS');
insert into coureurs(  nom, prenom, nationalite, equipe) values('BRUSEGHIN','Marzio','ITA','FAS');

insert into coureurs(  nom, prenom, nationalite, equipe) values('CANCELLARA','Fabian','SUI','FAS');
insert into coureurs(  nom, prenom, nationalite, equipe) values('FLECHA','Juan Antonio','ESP','FAS');
insert into coureurs(  nom, prenom, nationalite, equipe) values('GONZALEZ','Aitor','ESP','FAS');
insert into coureurs(  nom, prenom, nationalite, equipe) values('KIRCHEN','Kim','LUX','FAS');
insert into coureurs(  nom, prenom, nationalite, equipe) values('POZZATO','Filippo','ITA','FAS');
insert into coureurs(  nom, prenom, nationalite, equipe) values('TOSATTO','Matteo','ITA','FAS');
insert into coureurs(  nom, prenom, nationalite, equipe) values('VELO','Marco','ITA','FAS');

insert into coureurs(  nom, prenom, nationalite, equipe) values('MOREAU','Christophe','FRA','C.A');
insert into coureurs(  nom, prenom, nationalite, equipe) values('BOTCHAROV','Alexandre','RUS','C.A');
insert into coureurs(  nom, prenom, nationalite, equipe) values('DEAN','Julian','NZL','C.A');
insert into coureurs(  nom, prenom, nationalite, equipe) values('FEDRIGO','Pierrick','FRA','C.A');
insert into coureurs(  nom, prenom, nationalite, equipe) values('HALGAND','Patrice','FRA','C.A');
insert into coureurs(  nom, prenom, nationalite, equipe) values('HINAULT','Sébastien','FRA','C.A');
insert into coureurs(  nom, prenom, nationalite, equipe) values('HUSHOVD','Thor','NOR','C.A');
insert into coureurs(  nom, prenom, nationalite, equipe) values('JOLY','Sébastien','FRA','C.A');
insert into coureurs(  nom, prenom, nationalite, equipe) values('SALMON','Benoit','FRA','C.A');

insert into coureurs(  nom, prenom, nationalite, equipe) values('BASSO','Ivan','ITA','CSC');
insert into coureurs(  nom, prenom, nationalite, equipe) values('ARVESEN','Kurt-Asle','NOR','CSC');
insert into coureurs(  nom, prenom, nationalite, equipe) values('BARTOLI','Michele','ITA','CSC');
insert into coureurs(  nom, prenom, nationalite, equipe) values('JULICH','Bobby','USA','CSC');
insert into coureurs(  nom, prenom, nationalite, equipe) values('PERON','Andrea','ITA','CSC');
insert into coureurs(  nom, prenom, nationalite, equipe) values('PIIL','Jakob','DEN','CSC');
insert into coureurs(  nom, prenom, nationalite, equipe) values('SASTRE','Carlos','ESP','CSC');
insert into coureurs(  nom, prenom, nationalite, equipe) values('SORENSEN','Nicki','DEN','CSC');
insert into coureurs(  nom, prenom, nationalite, equipe) values('VOIGT','Jens','GER','CSC');

insert into coureurs(  nom, prenom, nationalite, equipe) values('MANCEBO','Francisco','ESP','IBB');
insert into coureurs(  nom, prenom, nationalite, equipe) values('BECKE','Daniel','GER','IBB');
insert into coureurs(  nom, prenom, nationalite, equipe) values('GARCIA ACOSTA','Vicente','ESP','IBB');
insert into coureurs(  nom, prenom, nationalite, equipe) values('GUTIERREZ','José Ivan','ESP','IBB');
insert into coureurs(  nom, prenom, nationalite, equipe) values('KARPETS','Vladimir','RUS','IBB');
insert into coureurs(  nom, prenom, nationalite, equipe) values('MENCHOV','Denis','RUS','IBB');
insert into coureurs(  nom, prenom, nationalite, equipe) values('OSA','Aitor','ESP','IBB');
insert into coureurs(  nom, prenom, nationalite, equipe) values('PRADERA','Mikel','ESP','IBB');
insert into coureurs(  nom, prenom, nationalite, equipe) values('ZANDIO','Xabier','ESP','IBB');

insert into coureurs(  nom, prenom, nationalite, equipe) values('TOTSCHNIG','Georg','AUT','GST');
insert into coureurs(  nom, prenom, nationalite, equipe) values('HASELBACHER','Rene','AUT','GST');
insert into coureurs(  nom, prenom, nationalite, equipe) values('HONDO','Danilo','GER','GST');
insert into coureurs(  nom, prenom, nationalite, equipe) values('LANG','Sebastian','GER','GST');
insert into coureurs(  nom, prenom, nationalite, equipe) values('MONTGOMERY','Sven','SUI','GST');
insert into coureurs(  nom, prenom, nationalite, equipe) values('PESCHEL','Uwe','GER','GST');
insert into coureurs(  nom, prenom, nationalite, equipe) values('SCHOLZ','Ronny','SUI','GST');
insert into coureurs(  nom, prenom, nationalite, equipe) values('WEGMANN','Fabian','GER','GST');
insert into coureurs(  nom, prenom, nationalite, equipe) values('WROLICH','Peter','AUT','GST');

insert into coureurs(  nom, prenom, nationalite, equipe) values('O''GRADY','Stuart','AUS','COF');
insert into coureurs(  nom, prenom, nationalite, equipe) values('BESSY','Frédéric','FRA','COF');
insert into coureurs(  nom, prenom, nationalite, equipe) values('CASPER','Jimmy','FRA','COF');
insert into coureurs(  nom, prenom, nationalite, equipe) values('EDALEINE','Christophe','FRA','COF');
insert into coureurs(  nom, prenom, nationalite, equipe) values('ENGOULVENT','Jimmy','FRA','COF');
insert into coureurs(  nom, prenom, nationalite, equipe) values('FOFONOV','Dmitriy','KAZ','COF');
insert into coureurs(  nom, prenom, nationalite, equipe) values('MONCOUTIE','David','FRA','COF');
insert into coureurs(  nom, prenom, nationalite, equipe) values('TOMBAK','Janeck','EST','COF');
insert into coureurs(  nom, prenom, nationalite, equipe) values('FARAZIJN','Peter','AUS','COF');

insert into coureurs(  nom, prenom, nationalite, equipe) values('VIRENQUE','Richard','FRA','QSD');
insert into coureurs(  nom, prenom, nationalite, equipe) values('BETTINI','Paolo','ITA','QSD');
insert into coureurs(  nom, prenom, nationalite, equipe) values('BOONEN','Tom','BEL','QSD');
insert into coureurs(  nom, prenom, nationalite, equipe) values('BRAMATI','Davide','ITA','QSD');
insert into coureurs(  nom, prenom, nationalite, equipe) values('DUFAUX','Laurent','SUI','QSD');
insert into coureurs(  nom, prenom, nationalite, equipe) values('KNAVEN','Servais','NED','QSD');
insert into coureurs(  nom, prenom, nationalite, equipe) values('MERCADO','Juan Miguel','ESP','QSD');
insert into coureurs(  nom, prenom, nationalite, equipe) values('ROGERS','Michael','AUS','QSD');
insert into coureurs(  nom, prenom, nationalite, equipe) values('ZANINI','Stefano','ITA','QSD');

insert into coureurs(  nom, prenom, nationalite, equipe) values('HERAS','Roberto','ESP','LST');
insert into coureurs(  nom, prenom, nationalite, equipe) values('BARANOWSKI','Dariusz','POL','LST');
insert into coureurs(  nom, prenom, nationalite, equipe) values('DAVIS','Allan','AUS','LST');
insert into coureurs(  nom, prenom, nationalite, equipe) values('GONZALEZ GALDEANO','Igor','ESP','LST');
insert into coureurs(  nom, prenom, nationalite, equipe) values('HRUSKA','Jan','CZE','LST');
insert into coureurs(  nom, prenom, nationalite, equipe) values('NOZAL','Isidro','ESP','LST');
insert into coureurs(  nom, prenom, nationalite, equipe) values('SERRANO','Marcos','ESP','LST');
insert into coureurs(  nom, prenom, nationalite, equipe) values('VANDEVELDE','Christian','USA','LST');
insert into coureurs(  nom, prenom, nationalite, equipe) values('VICIOSO','Angel','ESP','LST');

insert into coureurs(  nom, prenom, nationalite, equipe) values('CHAVANEL','Sylvain','FRA','BLB');
insert into coureurs(  nom, prenom, nationalite, equipe) values('BENETEAU','Walter','FRA','BLB');
insert into coureurs(  nom, prenom, nationalite, equipe) values('CHARTEAU','Anthony','FRA','BLB');
insert into coureurs(  nom, prenom, nationalite, equipe) values('HARY','Maryan','FRA','BLB');
insert into coureurs(  nom, prenom, nationalite, equipe) values('LEFEVRE','Laurent','FRA','BLB');
insert into coureurs(  nom, prenom, nationalite, equipe) values('PINEAU','Jérôme','FRA','BLB');
insert into coureurs(  nom, prenom, nationalite, equipe) values('RENIER','Franck','FRA','BLB');
insert into coureurs(  nom, prenom, nationalite, equipe) values('ROUS','Didier','FRA','BLB');
insert into coureurs(  nom, prenom, nationalite, equipe) values('VOECKLER','Thomas','FRA','BLB');

insert into coureurs(  nom, prenom, nationalite, equipe) values('BACKSTEDT','Magnus','SWE','ALB');
insert into coureurs(  nom, prenom, nationalite, equipe) values('BALDATO','Fabio','ITA','ALB');
insert into coureurs(  nom, prenom, nationalite, equipe) values('BERTOLINI','Alessandro','ITA','ALB');
insert into coureurs(  nom, prenom, nationalite, equipe) values('CAUCCHIOLI','Pietro','ITA','ALB');
insert into coureurs(  nom, prenom, nationalite, equipe) values('HVASTIJA','Martin','SLO','ALB');
insert into coureurs(  nom, prenom, nationalite, equipe) values('LJUNGQVIST','Marcus','SWE','ALB');
insert into coureurs(  nom, prenom, nationalite, equipe) values('MOLLER','Claus Michael','DEN','ALB');
insert into coureurs(  nom, prenom, nationalite, equipe) values('NOE','Andrea','ITA','ALB');
insert into coureurs(  nom, prenom, nationalite, equipe) values('SUNDERLAND','Scott','AUS','ALB');

insert into coureurs(  nom, prenom, nationalite, equipe) values('BROCHARD','Laurent','FRA','A2R');
insert into coureurs(  nom, prenom, nationalite, equipe) values('ASTARLOZA','Mikel','ESP','A2R');
insert into coureurs(  nom, prenom, nationalite, equipe) values('DUMOULIN','Samuel','FRA','A2R');
insert into coureurs(  nom, prenom, nationalite, equipe) values('GOUBERT','Stephane','FRA','A2R');
insert into coureurs(  nom, prenom, nationalite, equipe) values('KIRSIPUU','Jaan','EST','A2R');
insert into coureurs(  nom, prenom, nationalite, equipe) values('KRIVTSOV','Yuriy','UKR','A2R');
insert into coureurs(  nom, prenom, nationalite, equipe) values('NAZON','Jean-Patrick','FRA','A2R');
insert into coureurs(  nom, prenom, nationalite, equipe) values('PORTAL','Nicolas','FRA','A2R');
insert into coureurs(  nom, prenom, nationalite, equipe) values('SCANLON','Mark','IRL','A2R');

insert into coureurs(  nom, prenom, nationalite, equipe) values('LEIPHEIMER','Levi','USA','RAB');
insert into coureurs(  nom, prenom, nationalite, equipe) values('BOOGERD','Michael','NED','RAB');
insert into coureurs(  nom, prenom, nationalite, equipe) values('DE GROOT','Bram','NED','RAB');
insert into coureurs(  nom, prenom, nationalite, equipe) values('DEKKER','Erik','NED','RAB');
insert into coureurs(  nom, prenom, nationalite, equipe) values('KROON','Karsten','NED','RAB');
insert into coureurs(  nom, prenom, nationalite, equipe) values('LOTZ','Marc','NED','RAB');
insert into coureurs(  nom, prenom, nationalite, equipe) values('NIERMANN','Grischa','GER','RAB');
insert into coureurs(  nom, prenom, nationalite, equipe) values('RASMUSSEN','Mickael','DEN','RAB');
insert into coureurs(  nom, prenom, nationalite, equipe) values('WAUTERS','Marc','BEL','RAB');

insert into coureurs(  nom, prenom, nationalite, equipe) values('MC GEE','Bradley','AUS','FDJ');
insert into coureurs(  nom, prenom, nationalite, equipe) values('CASAR','Sandy','FRA','FDJ');
insert into coureurs(  nom, prenom, nationalite, equipe) values('COOKE','Baden','AUS','FDJ');
insert into coureurs(  nom, prenom, nationalite, equipe) values('DA CRUZ','Carlos','FRA','FDJ');
insert into coureurs(  nom, prenom, nationalite, equipe) values('EISEL','Bernhard','AUT','FDJ');
insert into coureurs(  nom, prenom, nationalite, equipe) values('GUESDON','Frédéric','FRA','FDJ');
insert into coureurs(  nom, prenom, nationalite, equipe) values('MENGIN','Christophe','FRA','FDJ');
insert into coureurs(  nom, prenom, nationalite, equipe) values('ROBIN','Jean-Cyril','FRA','FDJ');
insert into coureurs(  nom, prenom, nationalite, equipe) values('WILSON','Matthew','AUS','FDJ');

insert into coureurs(  nom, prenom, nationalite, equipe) values('SIMONI','Gilberto','ITA','SAE');
insert into coureurs(  nom, prenom, nationalite, equipe) values('CASAGRANDA','Stefano','ITA','SAE');
insert into coureurs(  nom, prenom, nationalite, equipe) values('CELESTINO','Mirko','ITA','SAE');
insert into coureurs(  nom, prenom, nationalite, equipe) values('COMMESSO','Salvatore','ITA','SAE');
insert into coureurs(  nom, prenom, nationalite, equipe) values('GLOMSER','Gerrit','AUT','SAE');
insert into coureurs(  nom, prenom, nationalite, equipe) values('LOOSLI','David','SUI','SAE');
insert into coureurs(  nom, prenom, nationalite, equipe) values('LUDEWIG','Jorg','GER','SAE');
insert into coureurs(  nom, prenom, nationalite, equipe) values('PETROV','Evgeni','RUS','SAE');
insert into coureurs(  nom, prenom, nationalite, equipe) values('SABALIAUSKAS','Marius','LTU','SAE');

insert into coureurs(  nom, prenom, nationalite, equipe) values('MC EWEN','Robbie','AUS','LOT');
insert into coureurs(  nom, prenom, nationalite, equipe) values('BRANDT','Christophe','BEL','LOT');
insert into coureurs(  nom, prenom, nationalite, equipe) values('GATES','Nick','AUS','LOT');
insert into coureurs(  nom, prenom, nationalite, equipe) values('MARICHAL','Thierry','BEL','LOT');
insert into coureurs(  nom, prenom, nationalite, equipe) values('MERCKX','Axel','BEL','LOT');
insert into coureurs(  nom, prenom, nationalite, equipe) values('MOERENHOUT','Koos','NED','LOT');
insert into coureurs(  nom, prenom, nationalite, equipe) values('VANSEVENANT','Wim','BEL','LOT');
insert into coureurs(  nom, prenom, nationalite, equipe) values('VERBRUGGHE','Rik','BEL','LOT');
insert into coureurs(  nom, prenom, nationalite, equipe) values('VIERHOUTEN','Aart','NED','LOT');

insert into coureurs(  nom, prenom, nationalite, equipe) values('CIPOLLINI','Mario','ITA','DVE');
insert into coureurs(  nom, prenom, nationalite, equipe) values('FAGNINI','Gian Matteo','ITA','DVE');
insert into coureurs(  nom, prenom, nationalite, equipe) values('GIUNTI','Massimo','ITA','DVE');
insert into coureurs(  nom, prenom, nationalite, equipe) values('MARINANGELI','Sergio','ITA','DVE');
insert into coureurs(  nom, prenom, nationalite, equipe) values('MORI','Massimiliano','ITA','DVE');
insert into coureurs(  nom, prenom, nationalite, equipe) values('SCARPONI','Michele','ITA','DVE');
insert into coureurs(  nom, prenom, nationalite, equipe) values('SECCHIARI','Francesco','ITA','DVE');
insert into coureurs(  nom, prenom, nationalite, equipe) values('SIMEONI','Filippo','ITA','DVE');
insert into coureurs(  nom, prenom, nationalite, equipe) values('VALOTI','Paolo','ITA','DVE');

insert into coureurs(  nom, prenom, nationalite, equipe) values('RINERO','Christophe','FRA','RAG');
insert into coureurs(  nom, prenom, nationalite, equipe) values('AUGER','Guillaume','FRA','RAG');
insert into coureurs(  nom, prenom, nationalite, equipe) values('BOURQUENOUD','Pierre','SUI','RAG');
insert into coureurs(  nom, prenom, nationalite, equipe) values('BOUVARD','Gilles','FRA','RAG');
insert into coureurs(  nom, prenom, nationalite, equipe) values('CALZATI','Sylvain','FRA','RAG');
insert into coureurs(  nom, prenom, nationalite, equipe) values('FINOT','Frédéric','FRA','RAG');
insert into coureurs(  nom, prenom, nationalite, equipe) values('LAURENT','Christophe','FRA','RAG');
insert into coureurs(  nom, prenom, nationalite, equipe) values('MARTIN','Ludovic','FRA','RAG');
insert into coureurs(  nom, prenom, nationalite, equipe) values('SEIGNEUR','Eddy','FRA','RAG');
insert into coureurs(  nom, prenom, nationalite, equipe) values('DUPOND','Jean','FRA','RAG');

select * from coureurs;
commit;

insert into etapes (code,jour,villedepart, villearrivee, distance)values
    ('LIELIE01', to_date(concat('03/02/', to_char(extract(year from sysdate))), 'dd/mm/yyyy'), 'Liège', 'Liège', 6.1);   
    
insert into etapes (code,jour,villedepart, villearrivee, distance) values 
    ('LIECHA01',to_date('04/07/'  || to_char(extract(year from sysdate)), 'dd/mm/yyyy'),'Liège','Charleroi',202.5);
    
insert into etapes (code,jour,villedepart, villearrivee, distance)values
    ('CHANAM01',to_date('05/07/'  || to_char(extract(year from sysdate)), 'dd/mm/yyyy'),'Charleroi','Namur',197);
    
insert into etapes (code,jour,villedepart, villearrivee, distance)values
    ('WATWAS01',to_date('06/07/'  || to_char(extract(year from sysdate)), 'dd/mm/yyyy'),'Waterloo','Wasquehal',210);
    
insert into etapes (code,jour,villedepart, villearrivee, distance)values
    ('CAMARR01',to_date('07/07/'  || to_char(extract(year from sysdate)), 'dd/mm/yyyy'),'Cambrais','Arras',64.5);
    
insert into etapes (code,jour,villedepart, villearrivee, distance)values
    ('AMICHA01',to_date('08/07/'  || to_char(extract(year from sysdate)), 'dd/mm/yyyy'),'Amiens','Chartres',200.5);
    
insert into etapes (code,jour,villedepart, villearrivee, distance)values
    ('BONANG01',to_date('09/07/'  || to_char(extract(year from sysdate)), 'dd/mm/yyyy'),'Bonneval','Angers',196);
    
insert into etapes (code,jour,villedepart, villearrivee, distance)values
    ('CHASAI01',to_date('10/07/'  || to_char(extract(year from sysdate)), 'dd/mm/yyyy'),'Chateaubriant','Saint Brieuc',204.5);
    
insert into etapes (code,jour,villedepart, villearrivee, distance)values
    ('LAMQUI01',to_date('11/07/'  || to_char(extract(year from sysdate)), 'dd/mm/yyyy'),'Lamballe','Quimper',168);
    
insert into etapes (code,jour,villedepart, villearrivee, distance)values
    ('SAIGUE01',to_date('13/07/'  || to_char(extract(year from sysdate)), 'dd/mm/yyyy'),'Saint Léonard de Noblat','Guéret',160.5);
    
insert into etapes (code,jour,villedepart, villearrivee, distance)values
    ('LIMSAI01',to_date('14/07/'  || to_char(extract(year from sysdate)), 'dd/mm/yyyy'),'Limoges','Saint Flour',237);
    
insert into etapes (code,jour,villedepart, villearrivee, distance)values
    ('SAIFIG01',to_date('15/07/'  || to_char(extract(year from sysdate)), 'dd/mm/yyyy'),'Saint Flour','Figeac',164);
    
insert into etapes (code,jour,villedepart, villearrivee, distance)values
    ('CASLAM01',to_date('16/07/'  || to_char(extract(year from sysdate)), 'dd/mm/yyyy'),'Castelsarasin','La Mongie',197.5);
    
insert into etapes (code,jour,villedepart, villearrivee, distance)values
    ('LANPLA01',to_date('17/07/'  || to_char(extract(year from sysdate)), 'dd/mm/yyyy'),'Lannemezan','Plateau de Beille',205.5);
    
insert into etapes (code,jour,villedepart, villearrivee, distance)values
    ('CARNIM01',to_date('18/07/'  || to_char(extract(year from sysdate)), 'dd/mm/yyyy'),'Carcassonne','Nîmes',192.5);
    
insert into etapes (code,jour,villedepart, villearrivee, distance)values
    ('VALVIL01',to_date('20/07/'  || to_char(extract(year from sysdate)), 'dd/mm/yyyy'),'Valréas','Villard de Lans',180.5);
    
insert into etapes (code,jour,villedepart, villearrivee, distance)values
    ('BOULAL01',to_date('21/07/'  || to_char(extract(year from sysdate)), 'dd/mm/yyyy'),'Bourg d''Oisans','L''Alpe d''Huez',15.5);
    
insert into etapes (code,jour,villedepart, villearrivee, distance)values
    ('BOULEG01',to_date('22/07/'  || to_char(extract(year from sysdate)), 'dd/mm/yyyy'),'Bourg d''Oisans','Le Grand Bornand',204.5);
    
insert into etapes (code,jour,villedepart, villearrivee, distance)values
    ('ANNLON01',to_date('23/07/'  || to_char(extract(year from sysdate)), 'dd/mm/yyyy'),'Annemasse','Lons le Saunier',166.5);
    
insert into etapes (code,jour,villedepart, villearrivee, distance)values
    ('MONPAR01',to_date('24/07/'  || to_char(extract(year from sysdate)), 'dd/mm/yyyy'),'Montereau','Paris',163);

select * from etapes;

commit;

---------------------------------------------7.3_0-------------------------------------------------------------------

insert into resultats(etape, coureur, temps) values('LIELIE01',43,TO_DATE('00:06:50','HH24:MI:SS'));
insert into resultats(etape, coureur, temps) values('LIELIE01',1,TO_DATE('00:06:52','HH24:MI:SS'));
insert into resultats(etape, coureur, temps) values('LIELIE01',74,TO_DATE('00:07:00','HH24:MI:SS'));
insert into resultats(etape, coureur, temps) values('LIELIE01',161,TO_DATE('00:07:09','HH24:MI:SS'));
insert into resultats(etape, coureur, temps) values('LIELIE01',57,TO_DATE('00:07:19','HH24:MI:SS'));
insert into resultats(etape, coureur, temps) values('LIELIE01',27,TO_DATE('00:07:30','HH24:MI:SS'));

insert into resultats(etape, coureur, temps) values('LIELIE01',69,TO_DATE('00:07:41','HH24:MI:SS'));
insert into resultats(etape, coureur, temps) values('LIELIE01',51,TO_DATE('00:07:53','HH24:MI:SS'));
insert into resultats(etape, coureur, temps) values('LIELIE01',64,TO_DATE('00:08:05','HH24:MI:SS'));
insert into resultats(etape, coureur, temps) values('LIELIE01',5,TO_DATE('00:08:17','HH24:MI:SS'));
insert into resultats(etape, coureur, temps) values('LIELIE01',25,TO_DATE('00:08:31','HH24:MI:SS'));
insert into resultats(etape, coureur, temps) values('LIELIE01',119,TO_DATE('00:08:46','HH24:MI:SS'));
insert into resultats(etape, coureur, temps) values('LIELIE01',151,TO_DATE('00:09:01','HH24:MI:SS'));

insert into resultats(etape, coureur, temps) values('LIELIE01',67,TO_DATE('00:09:16','HH24:MI:SS'));
insert into resultats(etape, coureur, temps) values('LIELIE01',62,TO_DATE('00:09:32','HH24:MI:SS'));
insert into resultats(etape, coureur, temps) values('LIELIE01',11,TO_DATE('00:09:49','HH24:MI:SS'));
insert into resultats(etape, coureur, temps) values('LIELIE01',6,TO_DATE('00:10:07','HH24:MI:SS'));
insert into resultats(etape, coureur, temps) values('LIELIE01',21,TO_DATE('00:10:25','HH24:MI:SS'));
insert into resultats(etape, coureur, temps) values('LIELIE01',4,TO_DATE('00:10:44','HH24:MI:SS'));
insert into resultats(etape, coureur, temps) values('LIELIE01',65,TO_DATE('00:11:03','HH24:MI:SS'));
insert into resultats(etape, coureur, temps) values('LIELIE01',83,TO_DATE('00:11:22','HH24:MI:SS'));
insert into resultats(etape, coureur, temps) values('LIELIE01',159,TO_DATE('00:11:41','HH24:MI:SS'));
insert into resultats(etape, coureur, temps) values('LIELIE01',23,TO_DATE('00:12:00','HH24:MI:SS'));

insert into resultats(etape, coureur, temps) values('LIELIE01',17,TO_DATE('00:12:19','HH24:MI:SS'));
insert into resultats(etape, coureur, temps) values('LIELIE01',72,TO_DATE('00:12:39','HH24:MI:SS'));
insert into resultats(etape, coureur, temps) values('LIELIE01',31,TO_DATE('00:13:00','HH24:MI:SS'));
insert into resultats(etape, coureur, temps) values('LIELIE01',114,TO_DATE('00:13:21','HH24:MI:SS'));
insert into resultats(etape, coureur, temps) values('LIELIE01',103,TO_DATE('00:13:42','HH24:MI:SS'));
insert into resultats(etape, coureur, temps) values('LIELIE01',7,TO_DATE('00:14:04','HH24:MI:SS'));
insert into resultats(etape, coureur, temps) values('LIELIE01',75,TO_DATE('00:14:26','HH24:MI:SS'));
insert into resultats(etape, coureur, temps) values('LIELIE01',24,TO_DATE('00:14:49','HH24:MI:SS'));
insert into resultats(etape, coureur, temps) values('LIELIE01',91,TO_DATE('00:15:12','HH24:MI:SS'));
insert into resultats(etape, coureur, temps) values('LIELIE01',45,TO_DATE('00:15:35','HH24:MI:SS'));
insert into resultats(etape, coureur, temps) values('LIELIE01',44,TO_DATE('00:15:58','HH24:MI:SS'));

insert into resultats(etape, coureur, temps) values('LIELIE01',180,TO_DATE('00:16:21','HH24:MI:SS'));
insert into resultats(etape, coureur, temps) values('LIELIE01',84,TO_DATE('00:16:44','HH24:MI:SS'));
insert into resultats(etape, coureur, temps) values('LIELIE01',153,TO_DATE('00:17:08','HH24:MI:SS'));
insert into resultats(etape, coureur, temps) values('LIELIE01',2,TO_DATE('00:17:32','HH24:MI:SS'));
insert into resultats(etape, coureur, temps) values('LIELIE01',36,TO_DATE('00:17:56','HH24:MI:SS'));
insert into resultats(etape, coureur, temps) values('LIELIE01',26,TO_DATE('00:18:20','HH24:MI:SS'));
insert into resultats(etape, coureur, temps) values('LIELIE01',170,TO_DATE('00:18:44','HH24:MI:SS'));
insert into resultats(etape, coureur, temps) values('LIELIE01',95,TO_DATE('00:19:08','HH24:MI:SS'));
insert into resultats(etape, coureur, temps) values('LIELIE01',165,TO_DATE('00:19:32','HH24:MI:SS'));
insert into resultats(etape, coureur, temps) values('LIELIE01',125,TO_DATE('00:19:57','HH24:MI:SS'));
insert into resultats(etape, coureur, temps) values('LIELIE01',115,TO_DATE('00:20:22','HH24:MI:SS'));
insert into resultats(etape, coureur, temps) values('LIELIE01',19,TO_DATE('00:20:48','HH24:MI:SS'));
insert into resultats(etape, coureur, temps) values('LIELIE01',9,TO_DATE('00:21:14','HH24:MI:SS'));
insert into resultats(etape, coureur, temps) values('LIELIE01',29,TO_DATE('00:21:40','HH24:MI:SS'));
insert into resultats(etape, coureur, temps) values('LIELIE01',12,TO_DATE('00:22:06','HH24:MI:SS'));

insert into resultats(etape, coureur, temps) values('LIELIE01',179,TO_DATE('00:22:32','HH24:MI:SS'));
insert into resultats(etape, coureur, temps) values('LIELIE01',188,TO_DATE('00:22:59','HH24:MI:SS'));
insert into resultats(etape, coureur, temps) values('LIELIE01',121,TO_DATE('00:23:26','HH24:MI:SS'));
insert into resultats(etape, coureur, temps) values('LIELIE01',78,TO_DATE('00:23:53','HH24:MI:SS'));
insert into resultats(etape, coureur, temps) values('LIELIE01',152,TO_DATE('00:24:20','HH24:MI:SS'));
insert into resultats(etape, coureur, temps) values('LIELIE01',146,TO_DATE('00:24:47','HH24:MI:SS'));
insert into resultats(etape, coureur, temps) values('LIELIE01',38,TO_DATE('00:25:14','HH24:MI:SS'));
insert into resultats(etape, coureur, temps) values('LIELIE01',86,TO_DATE('00:25:41','HH24:MI:SS'));
insert into resultats(etape, coureur, temps) values('LIELIE01',141,TO_DATE('00:26:08','HH24:MI:SS'));

insert into resultats(etape, coureur, temps) values('LIELIE01',41,TO_DATE('00:26:36','HH24:MI:SS'));
insert into resultats(etape, coureur, temps) values('LIELIE01',97,TO_DATE('00:27:04','HH24:MI:SS'));
insert into resultats(etape, coureur, temps) values('LIELIE01',96,TO_DATE('00:27:32','HH24:MI:SS'));
insert into resultats(etape, coureur, temps) values('LIELIE01',131,TO_DATE('00:28:00','HH24:MI:SS'));
insert into resultats(etape, coureur, temps) values('LIELIE01',149,TO_DATE('00:28:28','HH24:MI:SS'));
insert into resultats(etape, coureur, temps) values('LIELIE01',110,TO_DATE('00:28:57','HH24:MI:SS'));
insert into resultats(etape, coureur, temps) values('LIELIE01',120,TO_DATE('00:29:26','HH24:MI:SS'));
insert into resultats(etape, coureur, temps) values('LIELIE01',32,TO_DATE('00:29:55','HH24:MI:SS'));
insert into resultats(etape, coureur, temps) values('LIELIE01',157,TO_DATE('00:30:24','HH24:MI:SS'));
insert into resultats(etape, coureur, temps) values('LIELIE01',63,TO_DATE('00:30:53','HH24:MI:SS'));

insert into resultats(etape, coureur, temps) values('LIELIE01',154,TO_DATE('00:31:22','HH24:MI:SS'));
insert into resultats(etape, coureur, temps) values('LIELIE01',61,TO_DATE('00:31:51','HH24:MI:SS'));
insert into resultats(etape, coureur, temps) values('LIELIE01',13,TO_DATE('00:32:20','HH24:MI:SS'));
insert into resultats(etape, coureur, temps) values('LIELIE01',53,TO_DATE('00:32:50','HH24:MI:SS'));
insert into resultats(etape, coureur, temps) values('LIELIE01',162,TO_DATE('00:33:20','HH24:MI:SS'));
insert into resultats(etape, coureur, temps) values('LIELIE01',48,TO_DATE('00:33:50','HH24:MI:SS'));
insert into resultats(etape, coureur, temps) values('LIELIE01',8,TO_DATE('00:34:20','HH24:MI:SS'));
insert into resultats(etape, coureur, temps) values('LIELIE01',34,TO_DATE('00:34:50','HH24:MI:SS'));
insert into resultats(etape, coureur, temps) values('LIELIE01',76,TO_DATE('00:35:20','HH24:MI:SS'));
insert into resultats(etape, coureur, temps) values('LIELIE01',142,TO_DATE('00:35:51','HH24:MI:SS'));

insert into resultats(etape, coureur, temps) values('LIELIE01',47,TO_DATE('00:36:22','HH24:MI:SS'));
insert into resultats(etape, coureur, temps) values('LIELIE01',42,TO_DATE('00:36:53','HH24:MI:SS'));
insert into resultats(etape, coureur, temps) values('LIELIE01',163,TO_DATE('00:37:24','HH24:MI:SS'));
insert into resultats(etape, coureur, temps) values('LIELIE01',126,TO_DATE('00:37:55','HH24:MI:SS'));
insert into resultats(etape, coureur, temps) values('LIELIE01',66,TO_DATE('00:38:26','HH24:MI:SS'));
insert into resultats(etape, coureur, temps) values('LIELIE01',128,TO_DATE('00:38:58','HH24:MI:SS'));
insert into resultats(etape, coureur, temps) values('LIELIE01',55,TO_DATE('00:39:30','HH24:MI:SS'));
insert into resultats(etape, coureur, temps) values('LIELIE01',178,TO_DATE('00:40:02','HH24:MI:SS'));
insert into resultats(etape, coureur, temps) values('LIELIE01',94,TO_DATE('00:40:34','HH24:MI:SS'));
insert into resultats(etape, coureur, temps) values('LIELIE01',112,TO_DATE('00:41:06','HH24:MI:SS'));
insert into resultats(etape, coureur, temps) values('LIELIE01',118,TO_DATE('00:41:38','HH24:MI:SS'));

insert into resultats(etape, coureur, temps) values('LIELIE01',58,TO_DATE('00:42:10','HH24:MI:SS'));
insert into resultats(etape, coureur, temps) values('LIELIE01',18,TO_DATE('00:42:43','HH24:MI:SS'));
insert into resultats(etape, coureur, temps) values('LIELIE01',71,TO_DATE('00:43:16','HH24:MI:SS'));
insert into resultats(etape, coureur, temps) values('LIELIE01',105,TO_DATE('00:43:49','HH24:MI:SS'));
insert into resultats(etape, coureur, temps) values('LIELIE01',136,TO_DATE('00:44:22','HH24:MI:SS'));
insert into resultats(etape, coureur, temps) values('LIELIE01',147,TO_DATE('00:44:55','HH24:MI:SS'));
insert into resultats(etape, coureur, temps) values('LIELIE01',181,TO_DATE('00:45:28','HH24:MI:SS'));
insert into resultats(etape, coureur, temps) values('LIELIE01',68,TO_DATE('00:46:02','HH24:MI:SS'));
insert into resultats(etape, coureur, temps) values('LIELIE01',106,TO_DATE('00:46:36','HH24:MI:SS'));
insert into resultats(etape, coureur, temps) values('LIELIE01',148,TO_DATE('00:47:11','HH24:MI:SS'));
insert into resultats(etape, coureur, temps) values('LIELIE01',10,TO_DATE('00:47:46','HH24:MI:SS'));
insert into resultats(etape, coureur, temps) values('LIELIE01',122,TO_DATE('00:48:22','HH24:MI:SS'));
insert into resultats(etape, coureur, temps) values('LIELIE01',16,TO_DATE('00:48:58','HH24:MI:SS'));
insert into resultats(etape, coureur, temps) values('LIELIE01',79,TO_DATE('00:49:34','HH24:MI:SS'));
insert into resultats(etape, coureur, temps) values('LIELIE01',111,TO_DATE('00:50:11','HH24:MI:SS'));

insert into resultats(etape, coureur, temps) values('LIELIE01',87,TO_DATE('00:50:48','HH24:MI:SS'));
insert into resultats(etape, coureur, temps) values('LIELIE01',184,TO_DATE('00:51:25','HH24:MI:SS'));
insert into resultats(etape, coureur, temps) values('LIELIE01',82,TO_DATE('00:52:02','HH24:MI:SS'));
insert into resultats(etape, coureur, temps) values('LIELIE01',93,TO_DATE('00:52:39','HH24:MI:SS'));
insert into resultats(etape, coureur, temps) values('LIELIE01',134,TO_DATE('00:53:16','HH24:MI:SS'));
insert into resultats(etape, coureur, temps) values('LIELIE01',164,TO_DATE('00:53:53','HH24:MI:SS'));
insert into resultats(etape, coureur, temps) values('LIELIE01',133,TO_DATE('00:54:30','HH24:MI:SS'));
insert into resultats(etape, coureur, temps) values('LIELIE01',98,TO_DATE('00:55:08','HH24:MI:SS'));
insert into resultats(etape, coureur, temps) values('LIELIE01',135,TO_DATE('00:55:46','HH24:MI:SS'));

insert into resultats(etape, coureur, temps) values('LIELIE01',113,TO_DATE('00:56:24','HH24:MI:SS'));
insert into resultats(etape, coureur, temps) values('LIELIE01',20,TO_DATE('00:57:02','HH24:MI:SS'));
insert into resultats(etape, coureur, temps) values('LIELIE01',116,TO_DATE('00:57:40','HH24:MI:SS'));
insert into resultats(etape, coureur, temps) values('LIELIE01',88,TO_DATE('00:58:19','HH24:MI:SS'));
insert into resultats(etape, coureur, temps) values('LIELIE01',174,TO_DATE('00:58:58','HH24:MI:SS'));
insert into resultats(etape, coureur, temps) values('LIELIE01',156,TO_DATE('00:59:37','HH24:MI:SS'));
insert into resultats(etape, coureur, temps) values('LIELIE01',185,TO_DATE('01:00:16','HH24:MI:SS'));
insert into resultats(etape, coureur, temps) values('LIELIE01',108,TO_DATE('01:00:56','HH24:MI:SS'));
insert into resultats(etape, coureur, temps) values('LIELIE01',15,TO_DATE('01:01:36','HH24:MI:SS'));
insert into resultats(etape, coureur, temps) values('LIELIE01',124,TO_DATE('01:02:16','HH24:MI:SS'));

insert into resultats(etape, coureur, temps) values('LIELIE01',30,TO_DATE('01:02:56','HH24:MI:SS'));
insert into resultats(etape, coureur, temps) values('LIELIE01',22,TO_DATE('01:03:36','HH24:MI:SS'));
insert into resultats(etape, coureur, temps) values('LIELIE01',175,TO_DATE('01:04:17','HH24:MI:SS'));
insert into resultats(etape, coureur, temps) values('LIELIE01',117,TO_DATE('01:04:58','HH24:MI:SS'));
insert into resultats(etape, coureur, temps) values('LIELIE01',144,TO_DATE('01:05:39','HH24:MI:SS'));
insert into resultats(etape, coureur, temps) values('LIELIE01',77,TO_DATE('01:06:20','HH24:MI:SS'));
insert into resultats(etape, coureur, temps) values('LIELIE01',160,TO_DATE('01:07:01','HH24:MI:SS'));
insert into resultats(etape, coureur, temps) values('LIELIE01',132,TO_DATE('01:07:42','HH24:MI:SS'));
insert into resultats(etape, coureur, temps) values('LIELIE01',123,TO_DATE('01:08:23','HH24:MI:SS'));
insert into resultats(etape, coureur, temps) values('LIELIE01',176,TO_DATE('01:09:04','HH24:MI:SS'));
insert into resultats(etape, coureur, temps) values('LIELIE01',81,TO_DATE('01:09:45','HH24:MI:SS'));
insert into resultats(etape, coureur, temps) values('LIELIE01',138,TO_DATE('01:10:26','HH24:MI:SS'));
insert into resultats(etape, coureur, temps) values('LIELIE01',102,TO_DATE('01:11:07','HH24:MI:SS'));

insert into resultats(etape, coureur, temps) values('LIELIE01',177,TO_DATE('01:11:48','HH24:MI:SS'));
insert into resultats(etape, coureur, temps) values('LIELIE01',28,TO_DATE('01:12:29','HH24:MI:SS'));
insert into resultats(etape, coureur, temps) values('LIELIE01',109,TO_DATE('01:13:10','HH24:MI:SS'));
insert into resultats(etape, coureur, temps) values('LIELIE01',127,TO_DATE('01:13:52','HH24:MI:SS'));
insert into resultats(etape, coureur, temps) values('LIELIE01',129,TO_DATE('01:14:34','HH24:MI:SS'));
insert into resultats(etape, coureur, temps) values('LIELIE01',46,TO_DATE('01:15:16','HH24:MI:SS'));
insert into resultats(etape, coureur, temps) values('LIELIE01',171,TO_DATE('01:15:58','HH24:MI:SS'));
insert into resultats(etape, coureur, temps) values('LIELIE01',143,TO_DATE('01:16:40','HH24:MI:SS'));
insert into resultats(etape, coureur, temps) values('LIELIE01',56,TO_DATE('01:17:22','HH24:MI:SS'));
insert into resultats(etape, coureur, temps) values('LIELIE01',92,TO_DATE('01:18:04','HH24:MI:SS'));
insert into resultats(etape, coureur, temps) values('LIELIE01',139,TO_DATE('01:18:46','HH24:MI:SS'));
insert into resultats(etape, coureur, temps) values('LIELIE01',150,TO_DATE('01:19:28','HH24:MI:SS'));
insert into resultats(etape, coureur, temps) values('LIELIE01',54,TO_DATE('01:20:11','HH24:MI:SS'));
insert into resultats(etape, coureur, temps) values('LIELIE01',35,TO_DATE('01:20:54','HH24:MI:SS'));

insert into resultats(etape, coureur, temps) values('LIELIE01',187,TO_DATE('01:21:37','HH24:MI:SS'));
insert into resultats(etape, coureur, temps) values('LIELIE01',104,TO_DATE('01:22:20','HH24:MI:SS'));
insert into resultats(etape, coureur, temps) values('LIELIE01',145,TO_DATE('01:23:04','HH24:MI:SS'));
insert into resultats(etape, coureur, temps) values('LIELIE01',40,TO_DATE('01:23:48','HH24:MI:SS'));
insert into resultats(etape, coureur, temps) values('LIELIE01',167,TO_DATE('01:24:32','HH24:MI:SS'));
insert into resultats(etape, coureur, temps) values('LIELIE01',172,TO_DATE('01:25:16','HH24:MI:SS'));
insert into resultats(etape, coureur, temps) values('LIELIE01',158,TO_DATE('01:26:00','HH24:MI:SS'));
insert into resultats(etape, coureur, temps) values('LIELIE01',14,TO_DATE('01:26:44','HH24:MI:SS'));
insert into resultats(etape, coureur, temps) values('LIELIE01',50,TO_DATE('01:27:29','HH24:MI:SS'));
insert into resultats(etape, coureur, temps) values('LIELIE01',155,TO_DATE('01:28:14','HH24:MI:SS'));
insert into resultats(etape, coureur, temps) values('LIELIE01',182,TO_DATE('01:28:59','HH24:MI:SS'));
insert into resultats(etape, coureur, temps) values('LIELIE01',186,TO_DATE('01:29:44','HH24:MI:SS'));

insert into resultats(etape, coureur, temps) values('LIELIE01',137,TO_DATE('01:30:29','HH24:MI:SS'));
insert into resultats(etape, coureur, temps) values('LIELIE01',173,TO_DATE('01:31:16','HH24:MI:SS'));
insert into resultats(etape, coureur, temps) values('LIELIE01',60,TO_DATE('01:32:04','HH24:MI:SS'));
insert into resultats(etape, coureur, temps) values('LIELIE01',85,TO_DATE('01:32:52','HH24:MI:SS'));
insert into resultats(etape, coureur, temps) values('LIELIE01',3,TO_DATE('01:33:41','HH24:MI:SS'));
insert into resultats(etape, coureur, temps) values('LIELIE01',107,TO_DATE('01:34:30','HH24:MI:SS'));
insert into resultats(etape, coureur, temps) values('LIELIE01',168,TO_DATE('01:35:19','HH24:MI:SS'));
insert into resultats(etape, coureur, temps) values('LIELIE01',140,TO_DATE('01:36:08','HH24:MI:SS'));
insert into resultats(etape, coureur, temps) values('LIELIE01',49,TO_DATE('01:36:58','HH24:MI:SS'));

insert into resultats(etape, coureur, temps) values('LIELIE01',73,TO_DATE('01:37:48','HH24:MI:SS'));
insert into resultats(etape, coureur, temps) values('LIELIE01',130,TO_DATE('01:38:39','HH24:MI:SS'));
insert into resultats(etape, coureur, temps) values('LIELIE01',101,TO_DATE('01:39:30','HH24:MI:SS'));
insert into resultats(etape, coureur, temps) values('LIELIE01',90,TO_DATE('01:40:22','HH24:MI:SS'));
insert into resultats(etape, coureur, temps) values('LIELIE01',37,TO_DATE('01:41:15','HH24:MI:SS'));
insert into resultats(etape, coureur, temps) values('LIELIE01',59,TO_DATE('01:42:09','HH24:MI:SS'));
insert into resultats(etape, coureur, temps) values('LIELIE01',89,TO_DATE('01:43:04','HH24:MI:SS'));
insert into resultats(etape, coureur, temps) values('LIELIE01',70,TO_DATE('01:44:00','HH24:MI:SS'));

insert into resultats(etape, coureur, temps) values('LIELIE01',183,TO_DATE('01:44:57','HH24:MI:SS'));
insert into resultats(etape, coureur, temps) values('LIELIE01',169,TO_DATE('01:45:54','HH24:MI:SS'));
insert into resultats(etape, coureur, temps) values('LIELIE01',80,TO_DATE('01:46:51','HH24:MI:SS'));
insert into resultats(etape, coureur, temps) values('LIELIE01',52,TO_DATE('01:47:50','HH24:MI:SS'));
insert into resultats(etape, coureur, temps) values('LIELIE01',99,TO_DATE('01:49:52','HH24:MI:SS'));
insert into resultats(etape, coureur, temps) values('LIELIE01',100,TO_DATE('01:50:55','HH24:MI:SS'));
insert into resultats(etape, coureur, temps) values('LIELIE01',33,TO_DATE('01:51:59','HH24:MI:SS'));
insert into resultats(etape, coureur, temps) values('LIELIE01',166,TO_DATE('01:53:26','HH24:MI:SS'));

--------------------------------7.3_1-----------------------------------------------------------

insert into resultats(etape, coureur, temps) values ('LIECHA01',145,TO_DATE('04:40:29','HH24:MI:SS'));
insert into resultats(etape, coureur, temps) values ('LIECHA01',181,TO_DATE('05:20:29','HH24:MI:SS'));
insert into resultats(etape, coureur, temps) values ('LIECHA01',57,TO_DATE('04:40:29','HH24:MI:SS'));
insert into resultats(etape, coureur, temps) values ('LIECHA01',83,TO_DATE('04:40:29','HH24:MI:SS'));
insert into resultats(etape, coureur, temps) values ('LIECHA01',147,TO_DATE('04:40:33','HH24:MI:SS'));
insert into resultats(etape, coureur, temps) values ('LIECHA01',163,TO_DATE('04:40:29','HH24:MI:SS'));
insert into resultats(etape, coureur, temps) values ('LIECHA01',62,TO_DATE('04:40:29','HH24:MI:SS'));
insert into resultats(etape, coureur, temps) values ('LIECHA01',41,TO_DATE('04:40:29','HH24:MI:SS'));
insert into resultats(etape, coureur, temps) values ('LIECHA01',19,TO_DATE('04:40:29','HH24:MI:SS'));
insert into resultats(etape, coureur, temps) values ('LIECHA01',113,TO_DATE('04:40:29','HH24:MI:SS'));
insert into resultats(etape, coureur, temps) values ('LIECHA01',95,TO_DATE('04:40:29','HH24:MI:SS'));
insert into resultats(etape, coureur, temps) values ('LIECHA01',93,TO_DATE('04:40:29','HH24:MI:SS'));

insert into resultats(etape, coureur, temps) values ('LIECHA01',126,TO_DATE('04:40:29','HH24:MI:SS'));
insert into resultats(etape, coureur, temps) values ('LIECHA01',10,TO_DATE('04:40:29','HH24:MI:SS'));
insert into resultats(etape, coureur, temps) values ('LIECHA01',20,TO_DATE('04:40:29','HH24:MI:SS'));
insert into resultats(etape, coureur, temps) values ('LIECHA01',131,TO_DATE('04:40:29','HH24:MI:SS'));
insert into resultats(etape, coureur, temps) values ('LIECHA01',143,TO_DATE('04:50:29','HH24:MI:SS'));
insert into resultats(etape, coureur, temps) values ('LIECHA01',72,TO_DATE('04:49:29','HH24:MI:SS'));
insert into resultats(etape, coureur, temps) values ('LIECHA01',33,TO_DATE('04:48:29','HH24:MI:SS'));
insert into resultats(etape, coureur, temps) values ('LIECHA01',141,TO_DATE('04:47:29','HH24:MI:SS'));
insert into resultats(etape, coureur, temps) values ('LIECHA01',30,TO_DATE('04:40:29','HH24:MI:SS'));
insert into resultats(etape, coureur, temps) values ('LIECHA01',74,TO_DATE('04:42:29','HH24:MI:SS'));
insert into resultats(etape, coureur, temps) values ('LIECHA01',146,TO_DATE('04:40:29','HH24:MI:SS'));
insert into resultats(etape, coureur, temps) values ('LIECHA01',55,TO_DATE('04:40:29','HH24:MI:SS'));
insert into resultats(etape, coureur, temps) values ('LIECHA01',15,TO_DATE('04:44:29','HH24:MI:SS'));

insert into resultats(etape, coureur, temps) values ('LIECHA01',67,TO_DATE('04:40:29','HH24:MI:SS'));
insert into resultats(etape, coureur, temps) values ('LIECHA01',43,TO_DATE('04:40:29','HH24:MI:SS'));
insert into resultats(etape, coureur, temps) values ('LIECHA01',64,TO_DATE('04:40:29','HH24:MI:SS'));
insert into resultats(etape, coureur, temps) values ('LIECHA01',22,TO_DATE('04:40:29','HH24:MI:SS'));
insert into resultats(etape, coureur, temps) values ('LIECHA01',175,TO_DATE('04:40:29','HH24:MI:SS'));
insert into resultats(etape, coureur, temps) values ('LIECHA01',16,TO_DATE('04:40:29','HH24:MI:SS'));
insert into resultats(etape, coureur, temps) values ('LIECHA01',11,TO_DATE('04:40:29','HH24:MI:SS'));
insert into resultats(etape, coureur, temps) values ('LIECHA01',182,TO_DATE('04:40:29','HH24:MI:SS'));
insert into resultats(etape, coureur, temps) values ('LIECHA01',31,TO_DATE('04:40:29','HH24:MI:SS'));
insert into resultats(etape, coureur, temps) values ('LIECHA01',4,TO_DATE('04:40:29','HH24:MI:SS'));
insert into resultats(etape, coureur, temps) values ('LIECHA01',53,TO_DATE('04:40:29','HH24:MI:SS'));
insert into resultats(etape, coureur, temps) values ('LIECHA01',12,TO_DATE('04:40:29','HH24:MI:SS'));
insert into resultats(etape, coureur, temps) values ('LIECHA01',40,TO_DATE('04:40:29','HH24:MI:SS'));
insert into resultats(etape, coureur, temps) values ('LIECHA01',149,TO_DATE('04:40:29','HH24:MI:SS'));

insert into resultats(etape, coureur, temps) values ('LIECHA01',17,TO_DATE('04:40:29','HH24:MI:SS'));
insert into resultats(etape, coureur, temps) values ('LIECHA01',50,TO_DATE('04:40:29','HH24:MI:SS'));
insert into resultats(etape, coureur, temps) values ('LIECHA01',37,TO_DATE('04:40:29','HH24:MI:SS'));
insert into resultats(etape, coureur, temps) values ('LIECHA01',166,TO_DATE('04:40:29','HH24:MI:SS'));
insert into resultats(etape, coureur, temps) values ('LIECHA01',56,TO_DATE('04:40:29','HH24:MI:SS'));
insert into resultats(etape, coureur, temps) values ('LIECHA01',118,TO_DATE('04:40:29','HH24:MI:SS'));
insert into resultats(etape, coureur, temps) values ('LIECHA01',167,TO_DATE('04:40:29','HH24:MI:SS'));
insert into resultats(etape, coureur, temps) values ('LIECHA01',5,TO_DATE('04:40:29','HH24:MI:SS'));
insert into resultats(etape, coureur, temps) values ('LIECHA01',1,TO_DATE('04:40:29','HH24:MI:SS'));
insert into resultats(etape, coureur, temps) values ('LIECHA01',61,TO_DATE('04:40:29','HH24:MI:SS'));
insert into resultats(etape, coureur, temps) values ('LIECHA01',108,TO_DATE('04:40:29','HH24:MI:SS'));
insert into resultats(etape, coureur, temps) values ('LIECHA01',60,TO_DATE('04:40:29','HH24:MI:SS'));

insert into resultats(etape, coureur, temps) values ('LIECHA01',21,TO_DATE('04:40:29','HH24:MI:SS'));
insert into resultats(etape, coureur, temps) values ('LIECHA01',114,TO_DATE('04:40:29','HH24:MI:SS'));
insert into resultats(etape, coureur, temps) values ('LIECHA01',70,TO_DATE('04:40:29','HH24:MI:SS'));
insert into resultats(etape, coureur, temps) values ('LIECHA01',121,TO_DATE('04:40:29','HH24:MI:SS'));
insert into resultats(etape, coureur, temps) values ('LIECHA01',27,TO_DATE('04:40:29','HH24:MI:SS'));
insert into resultats(etape, coureur, temps) values ('LIECHA01',29,TO_DATE('04:40:29','HH24:MI:SS'));
insert into resultats(etape, coureur, temps) values ('LIECHA01',111,TO_DATE('04:40:29','HH24:MI:SS'));
insert into resultats(etape, coureur, temps) values ('LIECHA01',63,TO_DATE('04:40:29','HH24:MI:SS'));
insert into resultats(etape, coureur, temps) values ('LIECHA01',25,TO_DATE('04:40:29','HH24:MI:SS'));
insert into resultats(etape, coureur, temps) values ('LIECHA01',24,TO_DATE('04:40:29','HH24:MI:SS'));
insert into resultats(etape, coureur, temps) values ('LIECHA01',119,TO_DATE('03:41:29','HH24:MI:SS'));
insert into resultats(etape, coureur, temps) values ('LIECHA01',34,TO_DATE('04:52:29','HH24:MI:SS'));
insert into resultats(etape, coureur, temps) values ('LIECHA01',127,TO_DATE('04:47:29','HH24:MI:SS'));

insert into resultats(etape, coureur, temps) values ('LIECHA01',153,TO_DATE('04:40:35','HH24:MI:SS'));
insert into resultats(etape, coureur, temps) values ('LIECHA01',81,TO_DATE('04:40:29','HH24:MI:SS'));
insert into resultats(etape, coureur, temps) values ('LIECHA01',71,TO_DATE('04:40:29','HH24:MI:SS'));
insert into resultats(etape, coureur, temps) values ('LIECHA01',116,TO_DATE('04:33:33','HH24:MI:SS'));
insert into resultats(etape, coureur, temps) values ('LIECHA01',164,TO_DATE('04:45:29','HH24:MI:SS'));
insert into resultats(etape, coureur, temps) values ('LIECHA01',98,TO_DATE('04:40:29','HH24:MI:SS'));
insert into resultats(etape, coureur, temps) values ('LIECHA01',18,TO_DATE('04:40:29','HH24:MI:SS'));
insert into resultats(etape, coureur, temps) values ('LIECHA01',172,TO_DATE('04:40:29','HH24:MI:SS'));
insert into resultats(etape, coureur, temps) values ('LIECHA01',7,TO_DATE('04:40:29','HH24:MI:SS'));
insert into resultats(etape, coureur, temps) values ('LIECHA01',179,TO_DATE('04:40:29','HH24:MI:SS'));
insert into resultats(etape, coureur, temps) values ('LIECHA01',171,TO_DATE('04:40:29','HH24:MI:SS'));

insert into resultats(etape, coureur, temps) values ('LIECHA01',80,TO_DATE('04:40:29','HH24:MI:SS'));
insert into resultats(etape, coureur, temps) values ('LIECHA01',134,TO_DATE('04:40:29','HH24:MI:SS'));
insert into resultats(etape, coureur, temps) values ('LIECHA01',38,TO_DATE('04:40:29','HH24:MI:SS'));
insert into resultats(etape, coureur, temps) values ('LIECHA01',9,TO_DATE('04:40:29','HH24:MI:SS'));
insert into resultats(etape, coureur, temps) values ('LIECHA01',66,TO_DATE('04:40:29','HH24:MI:SS'));
insert into resultats(etape, coureur, temps) values ('LIECHA01',144,TO_DATE('04:40:29','HH24:MI:SS'));
insert into resultats(etape, coureur, temps) values ('LIECHA01',162,TO_DATE('04:40:29','HH24:MI:SS'));
insert into resultats(etape, coureur, temps) values ('LIECHA01',65,TO_DATE('04:40:29','HH24:MI:SS'));
insert into resultats(etape, coureur, temps) values ('LIECHA01',138,TO_DATE('04:40:29','HH24:MI:SS'));
insert into resultats(etape, coureur, temps) values ('LIECHA01',157,TO_DATE('04:40:29','HH24:MI:SS'));
insert into resultats(etape, coureur, temps) values ('LIECHA01',90,TO_DATE('04:40:29','HH24:MI:SS'));
insert into resultats(etape, coureur, temps) values ('LIECHA01',151,TO_DATE('04:40:29','HH24:MI:SS'));
insert into resultats(etape, coureur, temps) values ('LIECHA01',177,TO_DATE('04:40:29','HH24:MI:SS'));
insert into resultats(etape, coureur, temps) values ('LIECHA01',32,TO_DATE('04:40:29','HH24:MI:SS'));

insert into resultats(etape, coureur, temps) values ('LIECHA01',122,TO_DATE('04:40:29','HH24:MI:SS'));
insert into resultats(etape, coureur, temps) values ('LIECHA01',47,TO_DATE('04:40:29','HH24:MI:SS'));
insert into resultats(etape, coureur, temps) values ('LIECHA01',3,TO_DATE('04:40:29','HH24:MI:SS'));
insert into resultats(etape, coureur, temps) values ('LIECHA01',152,TO_DATE('04:40:29','HH24:MI:SS'));
insert into resultats(etape, coureur, temps) values ('LIECHA01',68,TO_DATE('04:40:29','HH24:MI:SS'));
insert into resultats(etape, coureur, temps) values ('LIECHA01',115,TO_DATE('04:40:29','HH24:MI:SS'));
insert into resultats(etape, coureur, temps) values ('LIECHA01',168,TO_DATE('04:40:29','HH24:MI:SS'));
insert into resultats(etape, coureur, temps) values ('LIECHA01',8,TO_DATE('04:40:29','HH24:MI:SS'));
insert into resultats(etape, coureur, temps) values ('LIECHA01',178,TO_DATE('04:40:29','HH24:MI:SS'));
insert into resultats(etape, coureur, temps) values ('LIECHA01',139,TO_DATE('04:40:29','HH24:MI:SS'));
insert into resultats(etape, coureur, temps) values ('LIECHA01',35,TO_DATE('04:40:29','HH24:MI:SS'));
insert into resultats(etape, coureur, temps) values ('LIECHA01',52,TO_DATE('04:40:29','HH24:MI:SS'));

insert into resultats(etape, coureur, temps) values ('LIECHA01',45,TO_DATE('04:40:29','HH24:MI:SS'));
insert into resultats(etape, coureur, temps) values ('LIECHA01',51,TO_DATE('04:40:29','HH24:MI:SS'));
insert into resultats(etape, coureur, temps) values ('LIECHA01',100,TO_DATE('04:40:29','HH24:MI:SS'));
insert into resultats(etape, coureur, temps) values ('LIECHA01',117,TO_DATE('04:40:29','HH24:MI:SS'));
insert into resultats(etape, coureur, temps) values ('LIECHA01',125,TO_DATE('04:24:29','HH24:MI:SS'));
insert into resultats(etape, coureur, temps) values ('LIECHA01',89,TO_DATE('04:25:29','HH24:MI:SS'));
insert into resultats(etape, coureur, temps) values ('LIECHA01',159,TO_DATE('04:39:29','HH24:MI:SS'));
insert into resultats(etape, coureur, temps) values ('LIECHA01',136,TO_DATE('04:40:08','HH24:MI:SS'));
insert into resultats(etape, coureur, temps) values ('LIECHA01',88,TO_DATE('04:40:02','HH24:MI:SS'));
insert into resultats(etape, coureur, temps) values ('LIECHA01',112,TO_DATE('04:38:29','HH24:MI:SS'));

insert into resultats(etape, coureur, temps) values ('LIECHA01',54,TO_DATE('04:32:29','HH24:MI:SS'));
insert into resultats(etape, coureur, temps) values ('LIECHA01',77,TO_DATE('04:40:29','HH24:MI:SS'));
insert into resultats(etape, coureur, temps) values ('LIECHA01',148,TO_DATE('04:33:29','HH24:MI:SS'));
insert into resultats(etape, coureur, temps) values ('LIECHA01',123,TO_DATE('04:40:29','HH24:MI:SS'));
insert into resultats(etape, coureur, temps) values ('LIECHA01',103,TO_DATE('04:40:29','HH24:MI:SS'));
insert into resultats(etape, coureur, temps) values ('LIECHA01',142,TO_DATE('04:40:29','HH24:MI:SS'));
insert into resultats(etape, coureur, temps) values ('LIECHA01',48,TO_DATE('04:40:29','HH24:MI:SS'));
insert into resultats(etape, coureur, temps) values ('LIECHA01',101,TO_DATE('04:40:29','HH24:MI:SS'));
insert into resultats(etape, coureur, temps) values ('LIECHA01',185,TO_DATE('04:40:29','HH24:MI:SS'));
insert into resultats(etape, coureur, temps) values ('LIECHA01',84,TO_DATE('04:40:29','HH24:MI:SS'));
insert into resultats(etape, coureur, temps) values ('LIECHA01',165,TO_DATE('04:40:29','HH24:MI:SS'));

insert into resultats(etape, coureur, temps) values ('LIECHA01',69,TO_DATE('04:40:29','HH24:MI:SS'));
insert into resultats(etape, coureur, temps) values ('LIECHA01',23,TO_DATE('04:40:29','HH24:MI:SS'));
insert into resultats(etape, coureur, temps) values ('LIECHA01',132,TO_DATE('04:40:29','HH24:MI:SS'));
insert into resultats(etape, coureur, temps) values ('LIECHA01',174,TO_DATE('05:40:29','HH24:MI:SS'));
insert into resultats(etape, coureur, temps) values ('LIECHA01',79,TO_DATE('04:40:29','HH24:MI:SS'));
insert into resultats(etape, coureur, temps) values ('LIECHA01',75,TO_DATE('04:40:29','HH24:MI:SS'));
insert into resultats(etape, coureur, temps) values ('LIECHA01',156,TO_DATE('03:40:29','HH24:MI:SS'));
insert into resultats(etape, coureur, temps) values ('LIECHA01',97,TO_DATE('04:40:29','HH24:MI:SS'));
insert into resultats(etape, coureur, temps) values ('LIECHA01',59,TO_DATE('04:40:29','HH24:MI:SS'));
insert into resultats(etape, coureur, temps) values ('LIECHA01',92,TO_DATE('04:40:29','HH24:MI:SS'));
insert into resultats(etape, coureur, temps) values ('LIECHA01',186,TO_DATE('04:40:29','HH24:MI:SS'));
insert into resultats(etape, coureur, temps) values ('LIECHA01',87,TO_DATE('04:40:29','HH24:MI:SS'));
insert into resultats(etape, coureur, temps) values ('LIECHA01',176,TO_DATE('04:40:29','HH24:MI:SS'));

insert into resultats(etape, coureur, temps) values ('LIECHA01',46,TO_DATE('04:40:29','HH24:MI:SS'));
insert into resultats(etape, coureur, temps) values ('LIECHA01',107,TO_DATE('04:40:29','HH24:MI:SS'));
insert into resultats(etape, coureur, temps) values ('LIECHA01',135,TO_DATE('04:40:29','HH24:MI:SS'));
insert into resultats(etape, coureur, temps) values ('LIECHA01',110,TO_DATE('04:40:29','HH24:MI:SS'));
insert into resultats(etape, coureur, temps) values ('LIECHA01',36,TO_DATE('04:40:29','HH24:MI:SS'));
insert into resultats(etape, coureur, temps) values ('LIECHA01',94,TO_DATE('04:40:29','HH24:MI:SS'));
insert into resultats(etape, coureur, temps) values ('LIECHA01',76,TO_DATE('04:40:29','HH24:MI:SS'));
insert into resultats(etape, coureur, temps) values ('LIECHA01',120,TO_DATE('04:40:29','HH24:MI:SS'));
insert into resultats(etape, coureur, temps) values ('LIECHA01',78,TO_DATE('04:40:29','HH24:MI:SS'));
insert into resultats(etape, coureur, temps) values ('LIECHA01',105,TO_DATE('04:40:29','HH24:MI:SS'));
insert into resultats(etape, coureur, temps) values ('LIECHA01',155,TO_DATE('04:40:29','HH24:MI:SS'));

insert into resultats(etape, coureur, temps) values ('LIECHA01',6,TO_DATE('04:40:29','HH24:MI:SS'));
insert into resultats(etape, coureur, temps) values ('LIECHA01',158,TO_DATE('04:40:29','HH24:MI:SS'));
insert into resultats(etape, coureur, temps) values ('LIECHA01',137,TO_DATE('04:40:29','HH24:MI:SS'));
insert into resultats(etape, coureur, temps) values ('LIECHA01',128,TO_DATE('04:40:29','HH24:MI:SS'));
insert into resultats(etape, coureur, temps) values ('LIECHA01',14,TO_DATE('04:40:35','HH24:MI:SS'));
insert into resultats(etape, coureur, temps) values ('LIECHA01',28,TO_DATE('04:40:29','HH24:MI:SS'));
insert into resultats(etape, coureur, temps) values ('LIECHA01',91,TO_DATE('04:40:40','HH24:MI:SS'));
insert into resultats(etape, coureur, temps) values ('LIECHA01',124,TO_DATE('04:40:29','HH24:MI:SS'));
insert into resultats(etape, coureur, temps) values ('LIECHA01',130,TO_DATE('04:40:29','HH24:MI:SS'));
insert into resultats(etape, coureur, temps) values ('LIECHA01',188,TO_DATE('04:40:10','HH24:MI:SS'));
insert into resultats(etape, coureur, temps) values ('LIECHA01',140,TO_DATE('04:41:55','HH24:MI:SS'));
insert into resultats(etape, coureur, temps) values ('LIECHA01',154,TO_DATE('04:40:29','HH24:MI:SS'));
insert into resultats(etape, coureur, temps) values ('LIECHA01',102,TO_DATE('04:40:29','HH24:MI:SS'));
insert into resultats(etape, coureur, temps) values ('LIECHA01',129,TO_DATE('04:41:29','HH24:MI:SS'));

insert into resultats(etape, coureur, temps) values ('LIECHA01',13,TO_DATE('04:40:29','HH24:MI:SS'));
insert into resultats(etape, coureur, temps) values ('LIECHA01',150,TO_DATE('04:40:29','HH24:MI:SS'));
insert into resultats(etape, coureur, temps) values ('LIECHA01',96,TO_DATE('04:40:29','HH24:MI:SS'));
insert into resultats(etape, coureur, temps) values ('LIECHA01',42,TO_DATE('04:40:29','HH24:MI:SS'));
insert into resultats(etape, coureur, temps) values ('LIECHA01',109,TO_DATE('04:40:29','HH24:MI:SS'));
insert into resultats(etape, coureur, temps) values ('LIECHA01',73,TO_DATE('04:40:29','HH24:MI:SS'));
insert into resultats(etape, coureur, temps) values ('LIECHA01',49,TO_DATE('04:20:29','HH24:MI:SS'));
insert into resultats(etape, coureur, temps) values ('LIECHA01',133,TO_DATE('04:44:29','HH24:MI:SS'));
insert into resultats(etape, coureur, temps) values ('LIECHA01',86,TO_DATE('04:41:29','HH24:MI:SS'));
insert into resultats(etape, coureur, temps) values ('LIECHA01',44,TO_DATE('04:50:29','HH24:MI:SS'));
insert into resultats(etape, coureur, temps) values ('LIECHA01',99,TO_DATE('04:30:29','HH24:MI:SS'));
insert into resultats(etape, coureur, temps) values ('LIECHA01',160,TO_DATE('04:40:29','HH24:MI:SS'));
insert into resultats(etape, coureur, temps) values ('LIECHA01',104,TO_DATE('04:40:29','HH24:MI:SS'));

insert into resultats(etape, coureur, temps) values ('LIECHA01',2,TO_DATE('04:40:29','HH24:MI:SS'));
insert into resultats(etape, coureur, temps) values ('LIECHA01',85,TO_DATE('04:40:29','HH24:MI:SS'));
insert into resultats(etape, coureur, temps) values ('LIECHA01',82,TO_DATE('04:40:29','HH24:MI:SS'));
insert into resultats(etape, coureur, temps) values ('LIECHA01',170,TO_DATE('04:40:29','HH24:MI:SS'));
insert into resultats(etape, coureur, temps) values ('LIECHA01',106,TO_DATE('04:40:29','HH24:MI:SS'));
insert into resultats(etape, coureur, temps) values ('LIECHA01',187,TO_DATE('04:40:56','HH24:MI:SS'));
insert into resultats(etape, coureur, temps) values ('LIECHA01',184,TO_DATE('04:40:56','HH24:MI:SS'));
insert into resultats(etape, coureur, temps) values ('LIECHA01',180,TO_DATE('04:40:56','HH24:MI:SS'));
insert into resultats(etape, coureur, temps) values ('LIECHA01',173,TO_DATE('04:41:16','HH24:MI:SS'));
insert into resultats(etape, coureur, temps) values ('LIECHA01',58,TO_DATE('04:41:16','HH24:MI:SS'));
insert into resultats(etape, coureur, temps) values ('LIECHA01',26,TO_DATE('04:42:52','HH24:MI:SS'));
insert into resultats(etape, coureur, temps) values ('LIECHA01',169,TO_DATE('04:46:34','HH24:MI:SS'));
insert into resultats(etape, coureur, temps) values ('LIECHA01',161,TO_DATE('04:46:34','HH24:MI:SS'));

--------------------------------------------7.3_2-----------------------------------------------------
--résultats dernière étape
insert into resultats(etape, coureur, temps) values ('MONPAR01',145,TO_DATE('04:40:29','HH24:MI:SS'));
insert into resultats(etape, coureur, temps) values ('MONPAR01',181,TO_DATE('05:20:29','HH24:MI:SS'));
insert into resultats(etape, coureur, temps) values ('MONPAR01',57,TO_DATE('04:40:29','HH24:MI:SS'));
insert into resultats(etape, coureur, temps) values ('MONPAR01',163,TO_DATE('04:40:29','HH24:MI:SS'));
insert into resultats(etape, coureur, temps) values ('MONPAR01',62,TO_DATE('04:40:29','HH24:MI:SS'));
insert into resultats(etape, coureur, temps) values ('MONPAR01',41,TO_DATE('04:40:29','HH24:MI:SS'));
insert into resultats(etape, coureur, temps) values ('MONPAR01',95,TO_DATE('04:40:29','HH24:MI:SS'));
insert into resultats(etape, coureur, temps) values ('MONPAR01',93,TO_DATE('04:40:29','HH24:MI:SS'));
insert into resultats(etape, coureur, temps) values ('MONPAR01',126,TO_DATE('04:40:29','HH24:MI:SS'));
insert into resultats(etape, coureur, temps) values ('MONPAR01',20,TO_DATE('04:40:29','HH24:MI:SS'));
insert into resultats(etape, coureur, temps) values ('MONPAR01',131,TO_DATE('04:40:29','HH24:MI:SS'));
insert into resultats(etape, coureur, temps) values ('MONPAR01',74,TO_DATE('04:42:29','HH24:MI:SS'));
insert into resultats(etape, coureur, temps) values ('MONPAR01',146,TO_DATE('04:40:29','HH24:MI:SS'));
insert into resultats(etape, coureur, temps) values ('MONPAR01',55,TO_DATE('04:40:29','HH24:MI:SS'));
insert into resultats(etape, coureur, temps) values ('MONPAR01',67,TO_DATE('04:40:29','HH24:MI:SS'));
insert into resultats(etape, coureur, temps) values ('MONPAR01',182,TO_DATE('04:40:29','HH24:MI:SS'));
insert into resultats(etape, coureur, temps) values ('MONPAR01',31,TO_DATE('04:40:29','HH24:MI:SS'));
insert into resultats(etape, coureur, temps) values ('MONPAR01',4,TO_DATE('04:40:29','HH24:MI:SS'));
insert into resultats(etape, coureur, temps) values ('MONPAR01',53,TO_DATE('04:40:29','HH24:MI:SS'));
insert into resultats(etape, coureur, temps) values ('MONPAR01',149,TO_DATE('04:40:29','HH24:MI:SS'));
insert into resultats(etape, coureur, temps) values ('MONPAR01',17,TO_DATE('04:40:29','HH24:MI:SS'));
insert into resultats(etape, coureur, temps) values ('MONPAR01',5,TO_DATE('04:40:29','HH24:MI:SS'));
insert into resultats(etape, coureur, temps) values ('MONPAR01',1,TO_DATE('04:40:29','HH24:MI:SS'));
insert into resultats(etape, coureur, temps) values ('MONPAR01',61,TO_DATE('04:40:29','HH24:MI:SS'));
insert into resultats(etape, coureur, temps) values ('MONPAR01',108,TO_DATE('04:40:29','HH24:MI:SS'));
insert into resultats(etape, coureur, temps) values ('MONPAR01',60,TO_DATE('04:40:29','HH24:MI:SS'));
insert into resultats(etape, coureur, temps) values ('MONPAR01',114,TO_DATE('04:40:29','HH24:MI:SS'));
insert into resultats(etape, coureur, temps) values ('MONPAR01',70,TO_DATE('04:40:29','HH24:MI:SS'));
insert into resultats(etape, coureur, temps) values ('MONPAR01',121,TO_DATE('04:40:29','HH24:MI:SS'));
insert into resultats(etape, coureur, temps) values ('MONPAR01',27,TO_DATE('04:40:29','HH24:MI:SS'));
insert into resultats(etape, coureur, temps) values ('MONPAR01',63,TO_DATE('04:40:29','HH24:MI:SS'));
insert into resultats(etape, coureur, temps) values ('MONPAR01',25,TO_DATE('04:40:29','HH24:MI:SS'));
insert into resultats(etape, coureur, temps) values ('MONPAR01',24,TO_DATE('04:40:29','HH24:MI:SS'));
insert into resultats(etape, coureur, temps) values ('MONPAR01',119,TO_DATE('03:41:29','HH24:MI:SS'));
insert into resultats(etape, coureur, temps) values ('MONPAR01',34,TO_DATE('04:52:29','HH24:MI:SS'));
insert into resultats(etape, coureur, temps) values ('MONPAR01',127,TO_DATE('04:47:29','HH24:MI:SS'));
insert into resultats(etape, coureur, temps) values ('MONPAR01',153,TO_DATE('04:40:35','HH24:MI:SS'));
insert into resultats(etape, coureur, temps) values ('MONPAR01',81,TO_DATE('04:40:29','HH24:MI:SS'));
insert into resultats(etape, coureur, temps) values ('MONPAR01',71,TO_DATE('04:40:29','HH24:MI:SS'));
insert into resultats(etape, coureur, temps) values ('MONPAR01',116,TO_DATE('04:33:33','HH24:MI:SS'));
insert into resultats(etape, coureur, temps) values ('MONPAR01',164,TO_DATE('04:45:29','HH24:MI:SS'));
insert into resultats(etape, coureur, temps) values ('MONPAR01',7,TO_DATE('04:40:29','HH24:MI:SS'));
insert into resultats(etape, coureur, temps) values ('MONPAR01',179,TO_DATE('04:40:29','HH24:MI:SS'));
insert into resultats(etape, coureur, temps) values ('MONPAR01',171,TO_DATE('04:40:29','HH24:MI:SS'));
insert into resultats(etape, coureur, temps) values ('MONPAR01',80,TO_DATE('04:40:29','HH24:MI:SS'));
insert into resultats(etape, coureur, temps) values ('MONPAR01',134,TO_DATE('04:40:29','HH24:MI:SS'));
insert into resultats(etape, coureur, temps) values ('MONPAR01',65,TO_DATE('04:40:29','HH24:MI:SS'));
insert into resultats(etape, coureur, temps) values ('MONPAR01',138,TO_DATE('04:40:29','HH24:MI:SS'));
insert into resultats(etape, coureur, temps) values ('MONPAR01',157,TO_DATE('04:40:29','HH24:MI:SS'));
insert into resultats(etape, coureur, temps) values ('MONPAR01',90,TO_DATE('04:40:29','HH24:MI:SS'));
insert into resultats(etape, coureur, temps) values ('MONPAR01',151,TO_DATE('04:40:29','HH24:MI:SS'));
insert into resultats(etape, coureur, temps) values ('MONPAR01',177,TO_DATE('04:40:29','HH24:MI:SS'));
insert into resultats(etape, coureur, temps) values ('MONPAR01',32,TO_DATE('04:40:29','HH24:MI:SS'));
insert into resultats(etape, coureur, temps) values ('MONPAR01',122,TO_DATE('04:40:29','HH24:MI:SS'));
insert into resultats(etape, coureur, temps) values ('MONPAR01',47,TO_DATE('04:40:29','HH24:MI:SS'));
insert into resultats(etape, coureur, temps) values ('MONPAR01',3,TO_DATE('04:40:29','HH24:MI:SS'));
insert into resultats(etape, coureur, temps) values ('MONPAR01',152,TO_DATE('04:40:29','HH24:MI:SS'));
insert into resultats(etape, coureur, temps) values ('MONPAR01',68,TO_DATE('04:40:29','HH24:MI:SS'));
insert into resultats(etape, coureur, temps) values ('MONPAR01',115,TO_DATE('04:40:29','HH24:MI:SS'))
insert into resultats(etape, coureur, temps) values ('MONPAR01',35,TO_DATE('04:40:29','HH24:MI:SS'));
insert into resultats(etape, coureur, temps) values ('MONPAR01',52,TO_DATE('04:40:29','HH24:MI:SS'));
insert into resultats(etape, coureur, temps) values ('MONPAR01',45,TO_DATE('04:40:29','HH24:MI:SS'));
insert into resultats(etape, coureur, temps) values ('MONPAR01',51,TO_DATE('04:40:29','HH24:MI:SS'));
insert into resultats(etape, coureur, temps) values ('MONPAR01',100,TO_DATE('04:40:29','HH24:MI:SS'));
insert into resultats(etape, coureur, temps) values ('MONPAR01',117,TO_DATE('04:40:29','HH24:MI:SS'));
insert into resultats(etape, coureur, temps) values ('MONPAR01',125,TO_DATE('04:24:29','HH24:MI:SS'));
insert into resultats(etape, coureur, temps) values ('MONPAR01',89,TO_DATE('04:25:29','HH24:MI:SS'));
insert into resultats(etape, coureur, temps) values ('MONPAR01',159,TO_DATE('04:39:29','HH24:MI:SS'));
insert into resultats(etape, coureur, temps) values ('MONPAR01',54,TO_DATE('04:32:29','HH24:MI:SS'));
insert into resultats(etape, coureur, temps) values ('MONPAR01',142,TO_DATE('04:34:10','HH24:MI:SS'));
insert into resultats(etape, coureur, temps) values ('MONPAR01',48,TO_DATE('04:33:29','HH24:MI:SS'));
insert into resultats(etape, coureur, temps) values ('MONPAR01',101,TO_DATE('04:40:29','HH24:MI:SS'));
insert into resultats(etape, coureur, temps) values ('MONPAR01',185,TO_DATE('04:30:29','HH24:MI:SS'));
insert into resultats(etape, coureur, temps) values ('MONPAR01',84,TO_DATE('04:40:29','HH24:MI:SS'));
insert into resultats(etape, coureur, temps) values ('MONPAR01',165,TO_DATE('04:40:29','HH24:MI:SS'));
insert into resultats(etape, coureur, temps) values ('MONPAR01',69,TO_DATE('04:40:29','HH24:MI:SS'));
insert into resultats(etape, coureur, temps) values ('MONPAR01',23,TO_DATE('04:40:00','HH24:MI:SS'));
insert into resultats(etape, coureur, temps) values ('MONPAR01',75,TO_DATE('04:40:00','HH24:MI:SS'));
insert into resultats(etape, coureur, temps) values ('MONPAR01',156,TO_DATE('03:40:11','HH24:MI:SS'));
insert into resultats(etape, coureur, temps) values ('MONPAR01',97,TO_DATE('04:40:29','HH24:MI:SS'));
insert into resultats(etape, coureur, temps) values ('MONPAR01',59,TO_DATE('04:40:29','HH24:MI:SS'));
insert into resultats(etape, coureur, temps) values ('MONPAR01',92,TO_DATE('04:40:29','HH24:MI:SS'));
insert into resultats(etape, coureur, temps) values ('MONPAR01',186,TO_DATE('04:40:12','HH24:MI:SS'));
insert into resultats(etape, coureur, temps) values ('MONPAR01',87,TO_DATE('04:40:29','HH24:MI:SS'));
insert into resultats(etape, coureur, temps) values ('MONPAR01',176,TO_DATE('04:40:29','HH24:MI:SS'));
insert into resultats(etape, coureur, temps) values ('MONPAR01',46,TO_DATE('04:40:17','HH24:MI:SS'));
insert into resultats(etape, coureur, temps) values ('MONPAR01',107,TO_DATE('04:40:15','HH24:MI:SS'));
insert into resultats(etape, coureur, temps) values ('MONPAR01',135,TO_DATE('04:40:29','HH24:MI:SS'));
insert into resultats(etape, coureur, temps) values ('MONPAR01',110,TO_DATE('04:28:10','HH24:MI:SS'));
insert into resultats(etape, coureur, temps) values ('MONPAR01',36,TO_DATE('04:40:29','HH24:MI:SS'));
insert into resultats(etape, coureur, temps) values ('MONPAR01',105,TO_DATE('04:27:17','HH24:MI:SS'));
insert into resultats(etape, coureur, temps) values ('MONPAR01',155,TO_DATE('04:40:29','HH24:MI:SS'));
insert into resultats(etape, coureur, temps) values ('MONPAR01',6,TO_DATE('04:40:28','HH24:MI:SS'));
insert into resultats(etape, coureur, temps) values ('MONPAR01',158,TO_DATE('04:26:29','HH24:MI:SS'));
insert into resultats(etape, coureur, temps) values ('MONPAR01',137,TO_DATE('04:25:22','HH24:MI:SS'));
insert into resultats(etape, coureur, temps) values ('MONPAR01',128,TO_DATE('04:24:22','HH24:MI:SS'));
insert into resultats(etape, coureur, temps) values ('MONPAR01',130,TO_DATE('04:40:21','HH24:MI:SS'));
insert into resultats(etape, coureur, temps) values ('MONPAR01',188,TO_DATE('04:40:10','HH24:MI:SS'));
insert into resultats(etape, coureur, temps) values ('MONPAR01',140,TO_DATE('04:41:55','HH24:MI:SS'));
insert into resultats(etape, coureur, temps) values ('MONPAR01',154,TO_DATE('04:40:29','HH24:MI:SS'));
insert into resultats(etape, coureur, temps) values ('MONPAR01',129,TO_DATE('04:41:29','HH24:MI:SS'));
insert into resultats(etape, coureur, temps) values ('MONPAR01',13,TO_DATE('04:23:29','HH24:MI:SS'));
insert into resultats(etape, coureur, temps) values ('MONPAR01',150,TO_DATE('04:40:29','HH24:MI:SS'));
insert into resultats(etape, coureur, temps) values ('MONPAR01',96,TO_DATE('04:22:29','HH24:MI:SS'));
insert into resultats(etape, coureur, temps) values ('MONPAR01',42,TO_DATE('04:40:29','HH24:MI:SS'));
insert into resultats(etape, coureur, temps) values ('MONPAR01',109,TO_DATE('04:40:29','HH24:MI:SS'));
insert into resultats(etape, coureur, temps) values ('MONPAR01',73,TO_DATE('04:40:29','HH24:MI:SS'));
insert into resultats(etape, coureur, temps) values ('MONPAR01',49,TO_DATE('04:20:29','HH24:MI:SS'));
insert into resultats(etape, coureur, temps) values ('MONPAR01',99,TO_DATE('04:30:11','HH24:MI:SS'));
insert into resultats(etape, coureur, temps) values ('MONPAR01',160,TO_DATE('04:40:29','HH24:MI:SS'));
insert into resultats(etape, coureur, temps) values ('MONPAR01',104,TO_DATE('04:40:29','HH24:MI:SS'));
insert into resultats(etape, coureur, temps) values ('MONPAR01',2,TO_DATE('04:21:29','HH24:MI:SS'));
insert into resultats(etape, coureur, temps) values ('MONPAR01',85,TO_DATE('04:40:12','HH24:MI:SS'));
insert into resultats(etape, coureur, temps) values ('MONPAR01',82,TO_DATE('04:20:29','HH24:MI:SS'));
insert into resultats(etape, coureur, temps) values ('MONPAR01',170,TO_DATE('04:40:29','HH24:MI:SS'));
insert into resultats(etape, coureur, temps) values ('MONPAR01',106,TO_DATE('04:40:29','HH24:MI:SS'));
insert into resultats(etape, coureur, temps) values ('MONPAR01',173,TO_DATE('04:41:16','HH24:MI:SS'));
insert into resultats(etape, coureur, temps) values ('MONPAR01',26,TO_DATE('04:42:52','HH24:MI:SS'));
insert into resultats(etape, coureur, temps) values ('MONPAR01',169,TO_DATE('04:46:34','HH24:MI:SS'));
insert into resultats(etape, coureur, temps) values ('MONPAR01',161,TO_DATE('04:46:34','HH24:MI:SS'));


commit;

--rollback;